INSERT INTO `DEPARTAMENTO` (`ID_DEPARTAMENTO`, `NOMBRE`, `ID_ZONA`) VALUES
	(1, 'Ahuachapán', 1),
	(2, 'Santa Ana', 1),
	(3, 'Sonsonate', 1),
	(4, 'La Libertad', 2),
	(5, 'Chalatenango', 2),
	(6, 'San Salvador', 2),
	(7, 'Cuscatlán', 3),
	(8, 'La Paz', 3),
	(9, 'Cabañas', 3),
	(10, 'San Vicente', 3),
	(11, 'Usulután', 4),
	(12, 'Morazán', 4),
	(13, 'San Miguel', 4),
	(14, 'La Unión', 4);
	
	
	select * from DEPARTAMENTO
	-- update JURIDICO.DEPARTAMENTO set NOMBRE = UPPER(NOMBRE)
	
	INSERT INTO `MUNICIPIO` (`ID_MUNICIPIO`, `NOMBRE`, `ID_DEPARTAMENTO`) VALUES
	(1, 'Ahuachapán', 1),
	(2, 'Jujutla', 1),
	(3, 'Atiquizaya', 1),
	(4, 'Concepción de Ataco', 1),
	(5, 'El Refugio', 1),
	(6, 'Guaymango', 1),
	(7, 'Apaneca', 1),
	(8, 'San Francisco Menéndez', 1),
	(9, 'San Lorenzo', 1),
	(10, 'San Pedro Puxtla', 1),
	(11, 'Tacuba', 1),
	(12, 'Turín', 1),
	(13, 'Candelaria de la Frontera', 2),
	(14, 'Chalchuapa', 2),
	(15, 'Coatepeque', 2),
	(16, 'El Congo', 2),
	(17, 'El Porvenir', 2),
	(18, 'Masahuat', 2),
	(19, 'Metapán', 2),
	(20, 'San Antonio Pajonal', 2),
	(21, 'San Sebastián Salitrillo', 2),
	(22, 'Santa Ana', 2),
	(23, 'Santa Rosa Guachipilín', 2),
	(24, 'Santiago de la Frontera', 2),
	(25, 'Texistepeque', 2),
	(26, 'Acajutla', 3),
	(27, 'Armenia', 3),
	(28, 'Caluco', 3),
	(29, 'Cuisnahuat', 3),
	(30, 'Izalco', 3),
	(31, 'Juayúa', 3),
	(32, 'Nahuizalco', 3),
	(33, 'Nahulingo', 3),
	(34, 'Salcoatitán', 3),
	(35, 'San Antonio del Monte', 3),
	(36, 'San Julián', 3),
	(37, 'Santa Catarina Masahuat', 3),
	(38, 'Santa Isabel Ishuatán', 3),
	(39, 'Santo Domingo de Guzmán', 3),
	(40, 'Sonsonate', 3),
	(41, 'Sonzacate', 3),
	(42, 'Alegría', 11),
	(43, 'Berlín', 11),
	(44, 'California', 11),
	(45, 'Concepción Batres', 11),
	(46, 'El Triunfo', 11),
	(47, 'Ereguayquín', 11),
	(48, 'Estanzuelas', 11),
	(49, 'Jiquilisco', 11),
	(50, 'Jucuapa', 11),
	(51, 'Jucuarán', 11),
	(52, 'Mercedes Umaña', 11),
	(53, 'Nueva Granada', 11),
	(54, 'Ozatlán', 11),
	(55, 'Puerto El Triunfo', 11),
	(56, 'San Agustín', 11),
	(57, 'San Buenaventura', 11),
	(58, 'San Dionisio', 11),
	(59, 'San Francisco Javier', 11),
	(60, 'Santa Elena', 11),
	(61, 'Santa María', 11),
	(62, 'Santiago de María', 11),
	(63, 'Tecapán', 11),
	(64, 'Usulután', 11),
	(65, 'Carolina', 13),
	(66, 'Chapeltique', 13),
	(67, 'Chinameca', 13),
	(68, 'Chirilagua', 13),
	(69, 'Ciudad Barrios', 13),
	(70, 'Comacarán', 13),
	(71, 'El Tránsito', 13),
	(72, 'Lolotique', 13),
	(73, 'Moncagua', 13),
	(74, 'Nueva Guadalupe', 13),
	(75, 'Nuevo Edén de San Juan', 13),
	(76, 'Quelepa', 13),
	(77, 'San Antonio del Mosco', 13),
	(78, 'San Gerardo', 13),
	(79, 'San Jorge', 13),
	(80, 'San Luis de la Reina', 13),
	(81, 'San Miguel', 13),
	(82, 'San Rafael Oriente', 13),
	(83, 'Sesori', 13),
	(84, 'Uluazapa', 13),
	(85, 'Arambala', 12),
	(86, 'Cacaopera', 12),
	(87, 'Chilanga', 12),
	(88, 'Corinto', 12),
	(89, 'Delicias de Concepción', 12),
	(90, 'El Divisadero', 12),
	(91, 'El Rosario (Morazán)', 12),
	(92, 'Gualococti', 12),
	(93, 'Guatajiagua', 12),
	(94, 'Joateca', 12),
	(95, 'Jocoaitique', 12),
	(96, 'Jocoro', 12),
	(97, 'Lolotiquillo', 12),
	(98, 'Meanguera', 12),
	(99, 'Osicala', 12),
	(100, 'Perquín', 12),
	(101, 'San Carlos', 12),
	(102, 'San Fernando (Morazán)', 12),
	(103, 'San Francisco Gotera', 12),
	(104, 'San Isidro (Morazán)', 12),
	(105, 'San Simón', 12),
	(106, 'Sensembra', 12),
	(107, 'Sociedad', 12),
	(108, 'Torola', 12),
	(109, 'Yamabal', 12),
	(110, 'Yoloaiquín', 12),
	(111, 'La Unión', 14),
	(112, 'San Alejo', 14),
	(113, 'Yucuaiquín', 14),
	(114, 'Conchagua', 14),
	(115, 'Intipucá', 14),
	(116, 'San José', 14),
	(117, 'El Carmen (La Unión)', 14),
	(118, 'Yayantique', 14),
	(119, 'Bolívar', 14),
	(120, 'Meanguera del Golfo', 14),
	(121, 'Santa Rosa de Lima', 14),
	(122, 'Pasaquina', 14),
	(123, 'Anamoros', 14),
	(124, 'Nueva Esparta', 14),
	(125, 'El Sauce', 14),
	(126, 'Concepción de Oriente', 14),
	(127, 'Polorós', 14),
	(128, 'Lislique', 14),
	(129, 'Antiguo Cuscatlán', 4),
	(130, 'Chiltiupán', 4),
	(131, 'Ciudad Arce', 4),
	(132, 'Colón', 4),
	(133, 'Comasagua', 4),
	(134, 'Huizúcar', 4),
	(135, 'Jayaque', 4),
	(136, 'Jicalapa', 4),
	(137, 'La Libertad', 4),
	(138, 'Santa Tecla', 4),
	(139, 'Nuevo Cuscatlán', 4),
	(140, 'San Juan Opico', 4),
	(141, 'Quezaltepeque', 4),
	(142, 'Sacacoyo', 4),
	(143, 'San José Villanueva', 4),
	(144, 'San Matías', 4),
	(145, 'San Pablo Tacachico', 4),
	(146, 'Talnique', 4),
	(147, 'Tamanique', 4),
	(148, 'Teotepeque', 4),
	(149, 'Tepecoyo', 4),
	(150, 'Zaragoza', 4),
	(151, 'Agua Caliente', 5),
	(152, 'Arcatao', 5),
	(153, 'Azacualpa', 5),
	(154, 'Cancasque', 5),
	(155, 'Chalatenango', 5),
	(156, 'Citalá', 5),
	(157, 'Comapala', 5),
	(158, 'Concepción Quezaltepeque', 5),
	(159, 'Dulce Nombre de María', 5),
	(160, 'El Carrizal', 5),
	(161, 'El Paraíso', 5),
	(162, 'La Laguna', 5),
	(163, 'La Palma', 5),
	(164, 'La Reina', 5),
	(165, 'Las Vueltas', 5),
	(166, 'Nueva Concepción', 5),
	(167, 'Nueva Trinidad', 5),
	(168, 'Nombre de Jesús', 5),
	(169, 'Ojos de Agua', 5),
	(170, 'Potonico', 5),
	(171, 'San Antonio de la Cruz', 5),
	(172, 'San Antonio Los Ranchos', 5),
	(173, 'San Fernando (Chalatenango)', 5),
	(174, 'San Francisco Lempa', 5),
	(175, 'San Francisco Morazán', 5),
	(176, 'San Ignacio', 5),
	(177, 'San Isidro Labrador', 5),
	(178, 'Las Flores', 5),
	(179, 'San Luis del Carmen', 5),
	(180, 'San Miguel de Mercedes', 5),
	(181, 'San Rafael', 5),
	(182, 'Santa Rita', 5),
	(183, 'Tejutla', 5),
	(184, 'Cojutepeque', 7),
	(185, 'Candelaria', 7),
	(186, 'El Carmen (Cuscatlán)', 7),
	(187, 'El Rosario (Cuscatlán)', 7),
	(188, 'Monte San Juan', 7),
	(189, 'Oratorio de Concepción', 7),
	(190, 'San Bartolomé Perulapía', 7),
	(191, 'San Cristóbal', 7),
	(192, 'San José Guayabal', 7),
	(193, 'San Pedro Perulapán', 7),
	(194, 'San Rafael Cedros', 7),
	(195, 'San Ramón', 7),
	(196, 'Santa Cruz Analquito', 7),
	(197, 'Santa Cruz Michapa', 7),
	(198, 'Suchitoto', 7),
	(199, 'Tenancingo', 7),
	(200, 'Aguilares', 6),
	(201, 'Apopa', 6),
	(202, 'Ayutuxtepeque', 6),
	(203, 'Cuscatancingo', 6),
	(204, 'Ciudad Delgado', 6),
	(205, 'El Paisnal', 6),
	(206, 'Guazapa', 6),
	(207, 'Ilopango', 6),
	(208, 'Mejicanos', 6),
	(209, 'Nejapa', 6),
	(210, 'Panchimalco', 6),
	(211, 'Rosario de Mora', 6),
	(212, 'San Marcos', 6),
	(213, 'San Martín', 6),
	(214, 'San Salvador', 6),
	(215, 'Santiago Texacuangos', 6),
	(216, 'Santo Tomás', 6),
	(217, 'Soyapango', 6),
	(218, 'Tonacatepeque', 6),
	(219, 'Zacatecoluca', 8),
	(220, 'Cuyultitán', 8),
	(221, 'El Rosario (La Paz)', 8),
	(222, 'Jerusalén', 8),
	(223, 'Mercedes La Ceiba', 8),
	(224, 'Olocuilta', 8),
	(225, 'Paraíso de Osorio', 8),
	(226, 'San Antonio Masahuat', 8),
	(227, 'San Emigdio', 8),
	(228, 'San Francisco Chinameca', 8),
	(229, 'San Pedro Masahuat', 8),
	(230, 'San Juan Nonualco', 8),
	(231, 'San Juan Talpa', 8),
	(232, 'San Juan Tepezontes', 8),
	(233, 'San Luis La Herradura', 8),
	(234, 'San Luis Talpa', 8),
	(235, 'San Miguel Tepezontes', 8),
	(236, 'San Pedro Nonualco', 8),
	(237, 'San Rafael Obrajuelo', 8),
	(238, 'Santa María Ostuma', 8),
	(239, 'Santiago Nonualco', 8),
	(240, 'Tapalhuaca', 8),
	(241, 'Cinquera', 9),
	(242, 'Dolores', 9),
	(243, 'Guacotecti', 9),
	(244, 'Ilobasco', 9),
	(245, 'Jutiapa', 9),
	(246, 'San Isidro (Cabañas)', 9),
	(247, 'Sensuntepeque', 9),
	(248, 'Tejutepeque', 9),
	(249, 'Victoria', 9),
	(250, 'Apastepeque', 10),
	(251, 'Guadalupe', 10),
	(252, 'San Cayetano Istepeque', 10),
	(253, 'San Esteban Catarina', 10),
	(254, 'San Ildefonso', 10),
	(255, 'San Lorenzo', 10),
	(256, 'San Sebastián', 10),
	(257, 'San Vicente', 10),
	(258, 'Santa Clara', 10),
	(259, 'Santo Domingo', 10),
	(260, 'Tecoluca', 10),
	(261, 'Tepetitán', 10),
	(262, 'Verapaz', 10);
		
	select * from DEPARTAMENTO
	select * from MUNICIPIO	
	
	-- update JURIDICO.MUNICIPIO set NOMBRE = UPPER(NOMBRE)
	
	select * from SEXO
	select * from TIPO_DOCUMENTO
	
	-- alter table JURIDICO.PAIS change NOMBRE ISO CHAR(2)
	-- alter table JURIDICO.PAIS change GENTILICIO NOMBRE VARCHAR(100)
	
	select * from PAIS
	
INSERT INTO PAIS VALUES(1, 'AF', 'Afganistán'),(2, 'AX', 'Islas Gland'),(3, 'AL', 'Albania'),(4, 'DE', 'Alemania'),(5, 'AD', 'Andorra'),(6, 'AO', 'Angola'),(7, 'AI', 'Anguilla'),(8, 'AQ', 'Antártida'),(9, 'AG', 'Antigua y Barbuda'),(10, 'AN', 'Antillas Holandesas'),(11, 'SA', 'Arabia Saudí'),(12, 'DZ', 'Argelia'),(13, 'AR', 'Argentina'),(14, 'AM', 'Armenia'),(15, 'AW', 'Aruba'),(16, 'AU', 'Australia'),(17, 'AT', 'Austria'),(18, 'AZ', 'Azerbaiyán'),(19, 'BS', 'Bahamas'),(20, 'BH', 'Bahréin'),(21, 'BD', 'Bangladesh'),(22, 'BB', 'Barbados'),(23, 'BY', 'Bielorrusia'),(24, 'BE', 'Bélgica'),(25, 'BZ', 'Belice'),(26, 'BJ', 'Benin'),(27, 'BM', 'Bermudas'),(28, 'BT', 'Bhután'),(29, 'BO', 'Bolivia'),(30, 'BA', 'Bosnia y Herzegovina'),(31, 'BW', 'Botsuana'),(32, 'BV', 'Isla Bouvet'),(33, 'BR', 'Brasil'),(34, 'BN', 'Brunéi'),(35, 'BG', 'Bulgaria'),(36, 'BF', 'Burkina Faso'),(37, 'BI', 'Burundi'),(38, 'CV', 'Cabo Verde'),(39, 'KY', 'Islas Caimán'),(40, 'KH', 'Camboya'),(41, 'CM', 'Camerún'),(42, 'CA', 'Canadá'),(43, 'CF', 'República Centroafricana'),(44, 'TD', 'Chad'),(45, 'CZ', 'República Checa'),(46, 'CL', 'Chile'),(47, 'CN', 'China'),(48, 'CY', 'Chipre'),(49, 'CX', 'Isla de Navidad'),(50, 'VA', 'Ciudad del Vaticano'),(51, 'CC', 'Islas Cocos'),(52, 'CO', 'Colombia'),(53, 'KM', 'Comoras'),(54, 'CD', 'República Democrática del Congo'),(55, 'CG', 'Congo'),(56, 'CK', 'Islas Cook'),(57, 'KP', 'Corea del Norte'),(58, 'KR', 'Corea del Sur'),(59, 'CI', 'Costa de Marfil'),(60, 'CR', 'Costa Rica'),(61, 'HR', 'Croacia'),(62, 'CU', 'Cuba'),(63, 'DK', 'Dinamarca'),(64, 'DM', 'Dominica'),(65, 'DO', 'República Dominicana'),(66, 'EC', 'Ecuador'),(67, 'EG', 'Egipto'),(68, 'SV', 'El Salvador'),(69, 'AE', 'Emiratos Árabes Unidos'),(70, 'ER', 'Eritrea'),(71, 'SK', 'Eslovaquia'),(72, 'SI', 'Eslovenia'),(73, 'ES', 'España'),(74, 'UM', 'Islas ultramarinas de Estados Unidos'),(75, 'US', 'Estados Unidos'),(76, 'EE', 'Estonia'),(77, 'ET', 'Etiopía'),(78, 'FO', 'Islas Feroe'),(79, 'PH', 'Filipinas'),(80, 'FI', 'Finlandia'),(81, 'FJ', 'Fiyi'),(82, 'FR', 'Francia'),(83, 'GA', 'Gabón'),(84, 'GM', 'Gambia'),(85, 'GE', 'Georgia'),(86, 'GS', 'Islas Georgias del Sur y Sandwich del Sur'),(87, 'GH', 'Ghana'),(88, 'GI', 'Gibraltar'),(89, 'GD', 'Granada'),(90, 'GR', 'Grecia'),(91, 'GL', 'Groenlandia'),(92, 'GP', 'Guadalupe'),(93, 'GU', 'Guam'),(94, 'GT', 'Guatemala'),(95, 'GF', 'Guayana Francesa'),(96, 'GN', 'Guinea'),(97, 'GQ', 'Guinea Ecuatorial'),(98, 'GW', 'Guinea-Bissau'),(99, 'GY', 'Guyana'),(100, 'HT', 'Haití'),(101, 'HM', 'Islas Heard y McDonald'),(102, 'HN', 'Honduras'),(103, 'HK', 'Hong Kong'),(104, 'HU', 'Hungría'),(105, 'IN', 'India'),(106, 'ID', 'Indonesia'),(107, 'IR', 'Irán'),(108, 'IQ', 'Iraq'),(109, 'IE', 'Irlanda'),(110, 'IS', 'Islandia'),(111, 'IL', 'Israel'),(112, 'IT', 'Italia'),(113, 'JM', 'Jamaica'),(114, 'JP', 'Japón'),(115, 'JO', 'Jordania'),(116, 'KZ', 'Kazajstán'),(117, 'KE', 'Kenia'),(118, 'KG', 'Kirguistán'),(119, 'KI', 'Kiribati'),(120, 'KW', 'Kuwait'),(121, 'LA', 'Laos'),(122, 'LS', 'Lesotho'),(123, 'LV', 'Letonia'),(124, 'LB', 'Líbano'),(125, 'LR', 'Liberia'),(126, 'LY', 'Libia'),(127, 'LI', 'Liechtenstein'),(128, 'LT', 'Lituania'),(129, 'LU', 'Luxemburgo'),(130, 'MO', 'Macao'),(131, 'MK', 'ARY Macedonia'),(132, 'MG', 'Madagascar'),(133, 'MY', 'Malasia'),(134, 'MW', 'Malawi'),(135, 'MV', 'Maldivas'),(136, 'ML', 'Malí'),(137, 'MT', 'Malta'),(138, 'FK', 'Islas Malvinas'),(139, 'MP', 'Islas Marianas del Norte'),(140, 'MA', 'Marruecos'),(141, 'MH', 'Islas Marshall'),(142, 'MQ', 'Martinica'),(143, 'MU', 'Mauricio'),(144, 'MR', 'Mauritania'),(145, 'YT', 'Mayotte'),(146, 'MX', 'México'),(147, 'FM', 'Micronesia'),(148, 'MD', 'Moldavia'),(149, 'MC', 'Mónaco'),(150, 'MN', 'Mongolia'),(151, 'MS', 'Montserrat'),(152, 'MZ', 'Mozambique'),(153, 'MM', 'Myanmar'),(154, 'NA', 'Namibia'),(155, 'NR', 'Nauru'),(156, 'NP', 'Nepal'),(157, 'NI', 'Nicaragua'),(158, 'NE', 'Níger'),(159, 'NG', 'Nigeria'),(160, 'NU', 'Niue'),(161, 'NF', 'Isla Norfolk'),(162, 'NO', 'Noruega'),(163, 'NC', 'Nueva Caledonia'),(164, 'NZ', 'Nueva Zelanda'),(165, 'OM', 'Omán'),(166, 'NL', 'Países Bajos'),(167, 'PK', 'Pakistán'),(168, 'PW', 'Palau'),(169, 'PS', 'Palestina'),(170, 'PA', 'Panamá'),(171, 'PG', 'Papúa Nueva Guinea'),(172, 'PY', 'Paraguay'),(173, 'PE', 'Perú'),(174, 'PN', 'Islas Pitcairn'),(175, 'PF', 'Polinesia Francesa'),(176, 'PL', 'Polonia'),(177, 'PT', 'Portugal'),(178, 'PR', 'Puerto Rico'),(179, 'QA', 'Qatar'),(180, 'GB', 'Reino Unido'),(181, 'RE', 'Reunión'),(182, 'RW', 'Ruanda'),(183, 'RO', 'Rumania'),(184, 'RU', 'Rusia'),(185, 'EH', 'Sahara Occidental'),(186, 'SB', 'Islas Salomón'),(187, 'WS', 'Samoa'),(188, 'AS', 'Samoa Americana'),(189, 'KN', 'San Cristóbal y Nevis'),(190, 'SM', 'San Marino'),(191, 'PM', 'San Pedro y Miquelón'),(192, 'VC', 'San Vicente y las Granadinas'),(193, 'SH', 'Santa Helena'),(194, 'LC', 'Santa Lucía'),(195, 'ST', 'Santo Tomé y Príncipe'),(196, 'SN', 'Senegal'),(197, 'CS', 'Serbia y Montenegro'),(198, 'SC', 'Seychelles'),(199, 'SL', 'Sierra Leona'),(200, 'SG', 'Singapur'),(201, 'SY', 'Siria'),(202, 'SO', 'Somalia'),(203, 'LK', 'Sri Lanka'),(204, 'SZ', 'Suazilandia'),(205, 'ZA', 'Sudáfrica'),(206, 'SD', 'Sudán'),(207, 'SE', 'Suecia'),(208, 'CH', 'Suiza'),(209, 'SR', 'Surinam'),(210, 'SJ', 'Svalbard y Jan Mayen'),(211, 'TH', 'Tailandia'),(212, 'TW', 'Taiwán'),(213, 'TZ', 'Tanzania'),(214, 'TJ', 'Tayikistán'),(215, 'IO', 'Territorio Británico del Océano Índico'),(216, 'TF', 'Territorios Australes Franceses'),(217, 'TL', 'Timor Oriental'),(218, 'TG', 'Togo'),(219, 'TK', 'Tokelau'),(220, 'TO', 'Tonga'),(221, 'TT', 'Trinidad y Tobago'),(222, 'TN', 'Túnez'),(223, 'TC', 'Islas Turcas y Caicos'),(224, 'TM', 'Turkmenistán'),(225, 'TR', 'Turquía'),(226, 'TV', 'Tuvalu'),(227, 'UA', 'Ucrania'),(228, 'UG', 'Uganda'),(229, 'UY', 'Uruguay'),(230, 'UZ', 'Uzbekistán'),(231, 'VU', 'Vanuatu'),(232, 'VE', 'Venezuela'),(233, 'VN', 'Vietnam'),(234, 'VG', 'Islas Vírgenes Británicas'),(235, 'VI', 'Islas Vírgenes de los Estados Unidos'),(236, 'WF', 'Wallis y Futuna'),(237, 'YE', 'Yemen'),(238, 'DJ', 'Yibuti'),(239, 'ZM', 'Zambia'),(240, 'ZW', 'Zimbabue');

update JURIDICO.PAIS set NOMBRE = UPPER(NOMBRE)